cluster_pred,Endurance,Strength,Power,Speed,Agility,Flexibility,Nerve,Durability,Hand-Eye Coordination,Analytical Aptitude
0,6.082941176470588,5.994705882352941,6.429411764705883,5.87764705882353,3.9576470588235293,4.561176470588235,3.1999999999999997,4.3623529411764705,3.010588235294118,3.4735294117647055
1,4.0737499999999995,5.0649999999999995,4.9868749999999995,4.0337499999999995,4.81625,5.485625,7.416875,5.0649999999999995,4.5893749999999995,4.158125
2,2.46,2.7377777777777776,2.8777777777777778,1.4333333333333333,2.1688888888888886,2.697777777777778,2.322222222222222,1.7111111111111112,5.377777777777777,4.794444444444444
3,6.329444444444444,5.697222222222222,6.42,6.196666666666666,6.779999999999999,5.211111111111111,4.6066666666666665,5.898333333333333,6.904444444444445,6.517222222222222
